{
  "best_model": "HistGradientBoosting",
  "timestamp": "20251220_184658",
  "dataset": {
    "instances": 1460,
    "features": 80,
    "numeric_features": [
      "OverallQual",
      "OverallCond",
      "YearBuilt",
      "YearRemodAdd",
      "TotalBsmtSF",
      "GrLivArea",
      "1stFlrSF",
      "2ndFlrSF",
      "FullBath",
      "HalfBath",
      "BedroomAbvGr",
      "TotRmsAbvGrd",
      "Fireplaces",
      "GarageCars",
      "GarageArea",
      "WoodDeckSF",
      "OpenPorchSF",
      "LotArea",
      "LotFrontage"
    ],
    "categorical_features": [
      "MSZoning",
      "Neighborhood",
      "BldgType",
      "HouseStyle",
      "ExterQual",
      "ExterCond",
      "Foundation",
      "BsmtQual",
      "HeatingQC",
      "CentralAir",
      "KitchenQual",
      "GarageType",
      "SaleType",
      "SaleCondition"
    ]
  },
  "cv_results": {
    "Ridge": {
      "rmse_mean": 0.14445494300829814,
      "rmse_std": 0.024295379060641505,
      "mae_mean": 0.095039346160416,
      "mae_std": 0.0027418372607538864,
      "r2_mean": 0.8650160709968449,
      "r2_std": 0.04843287722383082,
      "rmse_folds": [
        0.12157099962856428,
        0.1523343683548867,
        0.13837062761546,
        0.12254802177762418,
        0.1874506976649556
      ],
      "mae_folds": [
        0.09324371655402697,
        0.09918143633172259,
        0.09589215418906767,
        0.09105620396023727,
        0.09582321976702547
      ],
      "r2_folds": [
        0.9010877240410735,
        0.8715976621511449,
        0.8858963258326484,
        0.8962175622588484,
        0.7702810807005093
      ]
    },
    "RandomForest": {
      "rmse_mean": 0.14506960025475063,
      "rmse_std": 0.009648850410259816,
      "mae_mean": 0.09881677224200455,
      "mae_std": 0.003133101194259717,
      "r2_mean": 0.8674112449396787,
      "r2_std": 0.011158499936263484,
      "rmse_folds": [
        0.14293300589201288,
        0.1573788049450585,
        0.14675747123123034,
        0.12827115830711164,
        0.1500075608983398
      ],
      "mae_folds": [
        0.09808230010944774,
        0.10248225984751139,
        0.099455354237555,
        0.09326849328599628,
        0.10079545372951235
      ],
      "r2_folds": [
        0.8632726886840786,
        0.8629529709567907,
        0.8716451607512407,
        0.8862976893591077,
        0.8528877149471761
      ]
    },
    "HistGradientBoosting": {
      "rmse_mean": 0.13748529651949853,
      "rmse_std": 0.012633857083315964,
      "mae_mean": 0.09512911302407967,
      "mae_std": 0.005312790430694029,
      "r2_mean": 0.8810928883361273,
      "r2_std": 0.012982426668773518,
      "rmse_folds": [
        0.12771479482077935,
        0.15226812052512625,
        0.15102698816829765,
        0.12019037193989879,
        0.1362262071433906
      ],
      "mae_folds": [
        0.09202950057616273,
        0.10076407233350922,
        0.10117582521092221,
        0.0872062967474258,
        0.09446987025237841
      ],
      "r2_folds": [
        0.8908377095294745,
        0.8717093181965355,
        0.8640682429207596,
        0.9001724033198912,
        0.8786767677139753
      ]
    }
  },
  "best_model_metrics": {
    "rmse": 0.13748529651949853,
    "rmse_std": 0.012633857083315964,
    "mae": 0.09512911302407967,
    "mae_std": 0.005312790430694029,
    "r2": 0.8810928883361273,
    "r2_std": 0.012982426668773518
  },
  "model_path": "C:\\Users\\Nassim\\Desktop\\princoun\\ml\\models\\best_pipeline_20251220_184658.joblib"
}